old,new
NA,NA
? SKIP,NA
[reviewer_comment: this cell is actually blank],NA
I ...,NA
ALI JUMA [reviewer_comment: could also be AU JUMA],ALI JUMA
ALIJUMA,ALI JUMA
ANPAZI,ANDAZI
BABE WATOTO,BABA WATOTO
BABAWATOTO,BABA WATOTO
BABEWA TOTO,BABA WATOTO
BAKARI KICHINA,BAKARI KICHWA
BAKARI KICHWA [reviewer_comment: could also be BAKARI KICHWIA],BAKARI KICHWA
BAKARI KILHWA,BAKARI KICHWA
BANGILI [reviewer_comment: could also be BANGIU],BANGILI
BARASA,BARAZA
BATA (2x),BATA
BATA (x),BATA
BATI (2x),BATI
BOIGA CAMUHOGO,BOGA LA MUHOGO
BODA BODA,BODABODA
BUI BUI,BUIBUI
BUIUBUIU,DUDU MBUYU
BUNGO KIZUNGU,MBUNGO WA KIZUNGU
BUNGU WA KIZUNGU,MBUNGO WA KIZUNGU
BUNGO WA KIZUNGO,MBUNGO WA KIZUNGU
BUSJATI,BUSATI
BUSSAT [reviewer_comment: could also be BUJIAN or BUJTAR],BUSATI
BUSSATI,BUSATI
BOLHO [reviewer_comment: could also be BOCHO],BOCHO
BOMBO [reviewer_comment: could also be POMBO or DOMBO],BOMBO
BULI BULI,BULIBULI
CHAKI WA MWEZI,CHAKIAMWEZI
CHAKEYA MWEZI [reviewer_comment: could also be CHAKEYA MMEZI],CHAKIAMWEZI
CHAKE YA MWEZI,CHAKIAMWEZI
CHAKE WA MWEZI,CHAKIAMWEZI
CHAKE WA MWESI,CHAKIAMWEZI
CHAKE MWEJI [reviewer_comment: could also be CHAKE MWESI],CHAKIAMWEZI
CHAGAMWEZI,CHAKIAMWEZI
CHAMO KIDOA,CHANGU KIDOA
CHAMUKIDOA,CHANGU KIDOA
CHANDARWA,CHANDARUA
CHAANJE,CHANJE
CHANGE,CHANJE
CHANJE (2x),CHANJE
CHANJE (KAWAIDA),CHANJE
CHANJWE,CHANJE
CHANJE ZIWA,CHANJE UZIWA
CHANJELIZIWA [reviewer_comment: could also be CHANJEUZIWA],CHANJE UZIWA
CHANGO,CHANGU
CHANNGU,CHANGU
CHANJE MSUELE,CHANJE SUELE
BAITRY,BETTRY
BATTRI [reviewer_comment: could also be BATIRI],BETTRY
BETRI [reviewer_comment: could also be BETKI or BATRI],BETTRY
CHATU [reviewer_comment: could also be TAATU or TNATU or CNATU or many other things],CHATU
CHAZA (2x),CHAZA
CHAZA (x),CHAZA
CHAZA [reviewer_comment: could also be VAAZA],CHAZA
CHEKE YA MWEZI,CHAKIAMWEZI
CHECJELE [reviewer_comment: could also be CHEGELE or CHECELE],CHECHELE
CHEWA [reviewer_comment: could also be CAEWA],CHEWA
CHEWA [reviewer_comment: could also be UFEWA],CHEWA
CHOKI CHOKI,MSHOKISHOKI
CHOKICHOKI,MSHOKISHOKI
CHOKICHOKI (2x),MSHOKISHOKI
MCHOKI CHOKI,MSHOKISHOKI
MCHOKICHOKI [reviewer_comment: could also be DUCHOKICHOKI or MUtOKICHOKI],MSHOKISHOKI
MCHOKICHOKI [reviewer_comment: could also be MCHOKUHOKE],MSHOKISHOKI
CHOKO PWE,CHOKOPWE
CHONGO [reviewer_comment: could also be SHONGO],TONGO
CHOWE [reviewer_comment: could also be CHOUIS],CHOWE
CHUNGU CHUNGU,CHUNGUCHUNGU
CHUNGWA,MCHUNGWA
CHUNGWA (2x),MCHUNGWA
MCHUNGA,MCHUNGWA
MICHUNGAWA,MCHUNGWA
MCHUNGWA (3x),MCHUNGWA
MCHUNGWA [reviewer_comment: could also be MUTUNGWA],MCHUNGWA
MCHUNGWA CHUNGWA,MCHUNGWA
MACHUNGWA,MCHUNGWA
DAKTARI WANGOMBE,DAKTARI WA NGOMBE
DENSELI [reviewer_comment: could also be PENSELI],PENSELI
DO KAA,DOKAA
DUDU FUSU [reviewer_comment: could also be DUDU KUSU],DUDU FUSO
DUDUVUNDU,DUDU VUNDO
DUDU MENDE,MENDE
DUKAA,DOKAA
DUNGA AZI,DUNGAZI
EMBE,MUEMBE
EMBE BORBO,MUEMBE BORBO
EMBE DODO,MUEMBE DODU
EMBE SAKUA,MUEMBE SAKUA
MIEMBE SAKUA,MUEMBE SAKUA
MWEMBE (2x),MUEMBE
MWEMBE (3x),MUEMBE
MWEMBE BORBU,MUEMBE BORBO
MWEMBE BORGO,MUEMBE BORBO
MWEMBE NYONYA,MUEMBE NYONYO
MWEMBE NYONYU,MUEMBE NYONYO
MWEMBE PUWDA [reviewer_comment: could also be MWEMBE PUNDA],MUEMBE PUNDA
MAEMBE,MUEMBE
MIEMBE,MUEMBE
MAEMBE (x),MUEMBE
FARASI (2x),FARASI
FARASI [reviewer_comment: could also be KARASI],FARASI
FARASI WA KIZUNGU,FARASI
FENESI,MFENESI
FENESI (2x),MFENESI
FENESI (4x),MFENESI
MFENESI (2x),MFENESI
MFENESI (5x),MFENESI
MAFENESI,MFENESI
MAFENFSI [reviewer_comment: could also be MAFENESI],MFENESI
MIFENESI,MFENESI
GONGEO [reviewer_comment: could also be CONGEO or KONGEO],GONGEO
JODARI [reviewer_comment: could also be JOPARI],JODARI
JONGOO (2x),JONGOO
JONGOO LO PWANI,JONGOO LA PWANI
JUSI JUSI (2x),JUSIJUSI
JUSI JUSI,JUSIJUSI
JUSI [reviewer_comment: could also be JUJI],MJUSI
KAA (2x),KAA
KAA (3x),KAA
KAJA KAJA,KAJAKAJA
KAANGA,KANGA
KANDE [reviewer_comment: could also be KANPE],KANDE
MKARAFU (2x),MKARAFUU
KARAFU,MKARAFUU
MIKARAFU,MKARAFUU
KHANJE [reviewer_comment: could also be CHANJE],CHANJE
KHUPA [reviewer_comment: could also be CHUPA],CHUPA
KIAS,KIAZI
KIASI,KIAZI
KENGE [reviewer_comment: could also be KEWGE],KENGE
KUME [reviewer_comment: could also be KOME],KOME
KOME (2x),KOME
KOLE KOLE SALEHE,KOLEKOLE SALEHE
KOMBE (2x),KOMBE
KOMBE [reviewer_comment: could also be QOMBE or OMBE],KOMBE
KOBE CA MINAZI [reviewer_comment: could also be KOBE LA MINAZI or KOBE A MINAZI],KOBEA MINAZI
KOBE LAMINAZI,KOBEA MINAZI
KOBE MINAZI,KOBEA MINAZI
KOBE YA MINAZE [reviewer_comment: could also be KOBE YA MINAH or KOBE YA MINATI],KOBEA MINAZI
KOBE YA MINAZI,KOBEA MINAZI
KOBEA MINAZI,KOBEA MINAZI
KOBELA MINAZI,KOBEA MINAZI
KIUUBASHI,KIVUMBASI
VITUNGUU,KITUNGUU
VITUNGUO,KITUNGUU
KIHODI [reviewer_comment: could also be KHIODI],KIHODI
KONGO MAJOKI,KONGO MAJOKA
KONGO MAJOKI [reviewer_comment: could also be KONGO MAJOKA],KONGO MAJOKA
KONGO MAJOKIA,KONGO MAJOKA
KONGONGOMBE,KONGO NGOMBE
KONGOO MAJOKA,KONGO MAJOKA
KOONGO MAJOKA,KONGO MAJOKA
KONGO HADIA WA KIZUNGU,KONGO HADIA
KOONGO HADIA,KONGO HADIA
KONGOO HADIA,KONGO HADIA
KONDOO WA KIZUNGU,KONDOO
KOONGO,KONGO
KONGOO,KONGO
KOYOKOJO,KOYOKOYO
KOYOKOJO [reviewer_comment: could also be KOJOKOJO],KOYOKOYO
KUBEYA MINAZI,KOBEA MINAZI
KUKU (2x),KUKU
KUKU (x),KUKU
KUNGU HADIA,KONGO HADIA
KUNGU HIADIA,KONGO HADIA
KUNGOMAJOKA,KONGO MAJOKA
KUNGU MAJOKA,KONGO MAJOKA
KUNGUMAJOKA,KONGO MAJOKA
KUNGURU (2x),KUNGURU
KURUMBIZA [reviewer_comment: could also be KURUMBITA],KURUMBIZA
KWARARI [reviewer_comment: could also be KWARARA],KWARARA
KWAO,KWAU
LIMAN [reviewer_comment: could also be LIMAU],MLIMAU
LIMAU,MLIMAU
M BUZI,MBUZI
M GOMBA,MGOMBA
M SHELI SHELI,MSHELISHELI
M UHINA MWITU,MUHINA MWITU
MABEGA,MBEGU
MABEGA [reviewer_comment: could also be MABEGD or MABEGF],MBEGU
MABELUNGI,MBELUNGI
MABILINGANI,MBILINGANI
MABUJU,MBUYU
MABUNGO,MBUNGO
MABUNGO (2x),MBUNGO
MABUNGO (3x),MBUNGO
MABUYU,MBUYU
MAFUKULILE,FUKULILE
MAHARAGWE,MAHARAGUE
MAHARAGE,MAHARAGUE
MAJONGOO,JONGOO
MAJONGOO YA PWANI,JONGOO LA PWANI
MAKOHO,KOHO
MALIMAU,MLIMAU
MALIMAU (3x),MLIMAU
MAMBA [reviewer_comment: could also be MAMBE],MAMBA
MANANASI,MNANASI
MAPAIPAI (2x),MPAPAI
MAPAPAI,MPAPAI
MAPAPAI (x),MPAPAI
MAPARACHICHI,MPARACHICHI
MAPASHENI,MPESHENI
MAPESHENI,MPESHENI
MAPERA,MPERA
MAPERA (3x),MPERA
MAPERA (4x),MPERA
MAPERA (x),MPERA
MASHELI,MSHELISHELI
MASHELI (2x),MSHELISHELI
MASHELI (x),MSHELISHELI
MASTAFELI,MSTAFELI
MATIKITI,MTIKTI
MATUFAA,MTUFAA
MATUGUU,MTUGUU
KITUGUU,MTUGUU
VITUGUU,MTUGUU
VITUNGUU SAUMU,KITUNGUU SAUMU
KITUNGU SAU MU,KITUNGUU SAUMU
MATUFALI,TUFALI
MATUNDA DAMU [reviewer_comment: could also be MATUNDA DAMN or MATUNDA DAAW],MATUNDA DAMU
MAVA MAZURI,MAUA
MAYIAI,YAI
MAZIWA [reviewer_comment: could also be MAMWA],MAZIWA
MBAANJI [reviewer_comment: could also be MBAANSI or MBAANH],MBAAZI
MBAANZY,MBAAZI
MBAAWZI,MBAAZI
MBAANZI,MBAAZI
MBELUNGI WA KIZUNGU,MBELUNGI
MBEWNGI,MBELUNGI
MBEWNGI (x2),MBELUNGI
MBILINGANI [reviewer_comment: could also be MBIUNGANI],MBILINGANI
MBILINGANI WA KIZUNGU,MBILINGANI
MBIRIMBI (2x),MBIRIMBI
MBIRIMBI WA KIZUNGU [reviewer_comment: could also be MBIRIMBI WA KUZUNGU],MBIRIMBI WA KIZUNGU
MBIRIMBI WAKIZUNU,MBIRIMBI WA KIZUNGU
MBIRIMBI ZAKIZUNGU,MBIRIMBI WA KIZUNGU
MBIRIMIBIWAKIZUNGU,MBIRIMBI WA KIZUNGU
MBUNGOO,MBUNGO
MBUNGU,MBUNGO
MBUNGOWAKIZUNGU,MBUNGO WA KIZUNGU
MBUNGU WA KIZUNGU,MBUNGO WA KIZUNGU
MBUZI (2x),MBUZI
MBUZI [reviewer_comment: could also be MBUH],MBUZI
MBUZI WA KIZUNGU,MBUZI
MBUZI WADOGO,MBUZI
MBWA (2x),MBWA
MBWA MJITU [reviewer_comment: could also be MBWA MSITU or MBWA MJIM],MBWA MWITU
MBWA MUUTI,MBWA MWITU
MBWA WA MWITU,MBWA MWITU
MCHAI CHAI,MCHAICHAI
MCHAKUFA [reviewer_comment: could also be MCHAKUH or MCHAKUFF],MCHAKUFA
MCHECHE (KAWAIDA),MCHECHE
MCHECHA,MCHOCHA
MCHEKUNDLI [reviewer_comment: could also be MCHEKUNDU],MCHEKUNDU
MCHEKUNDU [reviewer_comment: could also be MCHEKUNDLI],MCHEKUNDU
MCHEGUNDU,MCHEKUNDU
MCHENZA,MCHENZA
MCHENZA [reviewer_comment: could also be MCHEWZA],MCHENZA
MCHESA,MCHENZA
MCHEZIA [reviewer_comment: could also be MCHEZA or MCHELIA or something else],MCHENZA
MCHENIA WA KAWAIDA,MCHENZA
MCHEZA WA KIZUNGU,MCHENZA
MCHENGA MSITU,MCHENZA MSITU
MCHENZA MSITU,MCHENZA MSITU
MCHESA MSITU,MCHENZA MSITU
MCHEZA MSITU [reviewer_comment: could also be MCHETA MSITU or MCHELA MSITU],MCHENZA MSITU
MCHEZA MSITU WA KIZUNGU,MCHENZA MSITU
MCHEZA MSITV,MCHENZA MSITU
MCHEZA MWITU,MCHENZA MSITU
MCHEZA USITU,MCHENZA MSITU
MCHEZA MSITU [reviewer_comment: could also be MCHETA MSITU],MCHENZA MSITU
MCHIKI CHIKI,MCHIKICHI
MCHIKICHI [reviewer_comment: could also be MCHIKEUH],MCHIKICHI
MCHIKICHI [reviewer_comment: could also be MCHIKIUH or MCHIKIUti],MCHIKICHI
MCHIVICHI [reviewer_comment: could also be MCHIKIUTI],MCHIKICHI
MCHIKICHI WA KIZUNGU,MCHIKICHI
MCHIKICHI WA PWANI,MCHIKICHI
MCHOCHA [reviewer_comment: could also be MCHOUH or something else],MCHOCHA
MCHOCHA [reviewer_comment: could also be MUTOUTA or something else],MCHOCHA
MCHOCHA [reviewer_comment: could also be MCHOUHA],MCHOCHA
MCHOCHA MWITU,MCHOCHA
MCHOCHWA WA KIZUNGU,MCHOCHA
MDALASINI WA KIZUNGU,MDALASINI
MDAMU DAMU,MDAMUDAMU
MDAMUDAMU [reviewer_comment: could also be MDAMNDAMU],MDAMUDAMU
MCHUNGWA KIKALI,MCHUNGWA KALI
MCHUNGWA MKALI NGOMBE,MCHUNGWA KALI
MCHUNGWA WA KIKALI,MCHUNGWA KALI
MCHUNGWA WA KIZUNGU,MCHUNGWA KITAMU
MEZA,MESA
MFARAFU,MKARAFUU
MFARAFU [reviewer_comment: could also be MKARAFU or MIFARAFU],MKARAFU
MFENESI DUME,MFENESI
MFENESI MWITU,MFENESI
MFENESI MWITU (2x),MFENESI
MFENESI WA KIZUNGU,MFENESI
MFENESIWA KAWAIDA,MFENESI
MFSA,MESA
MFUKU,MFUU
MGILIGILANI,MBILIGILANI
MHBUNGO,MBUNGO
MIBANZI,MBAAZI
MIBELUNGI,MBELUNGI
MIBELUNGII,MBELUNGI
MIBILINGANI,MBILIGILANI
MIBUNGO,MBUNGO
MIBUNGU,MBUNGO
MIBUNGO WA KIZUNGU,MBUNGO WA KIZUNGU
MIBUYU,MBUYU
MICHECHA,MCHECHE
MICHIKICHI,MCHIKICHI
MICHIKICHI MWITU,MCHIKICHI
MICHOCHA,MCHOCHA
MICHOCHA MWITU,MCHOCHA
MICHOKICHOKI,MSHOKISHOKI
MIDIMU,MDIMU
MIFENESI MITURU,MFENESI
MIGOMBA,MGOMBA
MGOMBA WA KIZUNGU,MGOMBA
MIGOMBA MWITU,MGOMBA MSITU
KIJOMBA MALIKO,KIJUNGU MALIKO
KIJONGA MALIKO,KIJUNGU MALIKO
KIJUNGA MALIKO,KIJUNGU MALIKO
KIJONGO MAFUTA,KIJUNGU MAFUTA
KIJUNGO MAFOTA [reviewer_comment: could also be KIJUNEO MAFUTA],KIJUNGU MAFUTA
KIJUNGO MAFUTA,KIJUNGU MAFUTA
KIJUNGU MAFUTA [reviewer_comment: could also be KIJUNGU HAFUTA],KIJUNGU MAFUTA
KIJUNGUMAFUTA,KIJUNGU MAFUTA
KIKJUNEO MAFUTA,KIJUNGU MAFUTA
KINGOJA MALIKO,KIJUNGU MALIKO
KINGOJA MALIKO [reviewer_comment: could also be KINGOJA MALIFO or something else],KIJUNGU MALIKO
KINIGUJA MALIKO,KIJUNGU MALIKO
KIKONJA MALIKO WA KIZUNGU,KIJUNGU MALIKO
KIJIMBA MSITU,KIJIMBI MSITU
KIJIMBI USITU,KIJIMBI MSITU
KIKOBE YA MWAZI,KOBEA MINAZI
KIMA PUJU,KIMA PUNJU
KIPANGA (2x),KIPANGA
KIPANGA MWITU,KIPANGA
KIPANGA ZVNGU,KIPANGA ZUNGU
KISAHANI [reviewer_comment: could also be KISAHAWI],SAHANI
KISAHANI,SAHANI
KISAHANI CHA UMEME,SAHANI
KISAKUNDE [reviewer_comment: could also be KISAKUNOE],KISAKUNDE
KITABU (2x),KITABU
KITABU (3x),KITABU
KITABU KIKUBWA,KITABU
KITANDA CHA KAWDA,KITANDA
KITI [reviewer_comment: could also be KIM],KITI
KOMBA MWITU [reviewer_comment: could also be KAMBA MWITU],KOMBA
MIBURA,MBURA
MIFUKO,MFUKO
MIHOGO,MUHOGO
MIGUU,MGUU
MIGU,MGUU
MIKANDAA,MKANDAA
MIKOBA,MKOBA
MIKOBA [reviewer_comment: could also be MIKOBIA],MKOBA
MIKONO,MKONO
MILIMAU,MLIMAU
MIM YA SHAMBA [reviewer_comment: could also be MITI YA SHAMBA],MITI YA SHAMBA
MIMBILI [reviewer_comment: could also be TUMBILI],TUMBILI
MINANAZI,MNANASI
MINAZI,MNAZI
MINAZI (3x),MNAZI
MINYANYA,MNYANYA
MIPAPAI,MPAPAI
MIPAPINDI,MPAPINDI
MIPARACHICHI,MPARACHICHI
MIPERA,MPERA
MIPESHENI,MPESHENI
MIPILIPILI,MPILIPILI
MIRARAFU,MKARAFUU
MIRAMBA,MRAMBA
MISHELI,MSHELISHELI
MISHELI SHELI [reviewer_comment: could also be MISHEU SHEU],MSHELISHELI
MISHELISHELI,MSHELISHELI
MITKTI,MTIKTI
MITUGU MWITU,MTUGUU
MITUGUU,MTUGUU
MITUGUV,MTUGUU
MITUNGULE,MTUNGULE
MIVIAZI,KIAZI
MIVINJE,MVINJE
MIWEMBE [reviewer_comment: could also be MUNEMBE],MUEMBE
MIZAITUNI,MZAITUNI
MIZAMBARAU,MZAMBARAU
MIZIRA,MZIRA
MJIMB,MJIMBI
MJIMBE,MJIMBI
MJIMBE WA KIZUNGU,MJIMBI
MKANDAA (2x),MKANDAA
MKANDAA [reviewer_comment: could also be MKIAWDAA],MKANDAA
MKANDAA MWEKUNDO,MKANDAA MWEKUNDU
MKANDAN MWEUSI [reviewer_comment: could also be MKAN DAA MWEUSI],MKANDAA MWEUSI
MKARAFU MWITU,MKARAFUU
MKARAFU WA KAWAIDA,MKARAFUU
MKENESI [reviewer_comment: could also be MFENESI],MFENESI
MKE SHIA,MKESHIA
MKESHA,MKESHIA
MKESHIA [reviewer_comment: could also be MFESHIA],MKESHIA
MKESHIA [reviewer_comment: could also be MRESHIA],MKESHIA
MKOBIA [reviewer_comment: could also be MKOBA],MKOBA
MKOMA MANIGA,MKOMA MANGA
MKOROJHO,MKOROSHO
MKU WA USIKU,MKUU WA USIKU
MKUNDE NYKA,MKUNDE NYIKA
MKUNDENYKA,MKUNDE NYIKA
MKUNEA [reviewer_comment: could also be MKUNGA or MKUNTA],MKUNGA
MKUNGA (KAWAIDA),MKUNGA
MKUNGA [reviewer_comment: could also be MKUNBA],MKUNGA
MKUNGA MAREMBOREMBO,MKUNGA MAREMBO
MKUNGU INDIA,MKUNGU
MKUNGU WA HINDI,MKUNGU
MKUNGUINDIA [reviewer_comment: could also be MKUNGLIINDIA or MKUNGU INDIA],MKUNGU
MKUNGUU,MKUNGU
MKUNGWA,MKUNGA
MKUU USIKU,MKUU WA USIKU
MKUU WA VSIKU,MKUU WA USIKU
MKUU WAUSIKU (2X),MKUU WA USIKU
MKUV WA USIKU,MKUU WA USIKU
MKUWAUSIKU,MKUU WA USIKU
MKW WA USIKU [reviewer_comment: could also be MKUU WA USIKU],MKUU WA USIKU
MKWI WA USIKU,MKUU WA USIKU
MKWWA USIKU,MKUU WA USIKU
MKWAJU WA KIZUNGU,MKWAJU
MLAN DEGE,MLANDEGE
MLANGI LANGI,MLANGILANGI
MLANGKANGI,MLANGILANGI
MLIIMAU [reviewer_comment: could also be MUIMAU or MILIMAU],MLIMAU
MNANA (2),MNANA
MNANA MACHANJAA,MNANA CHANJAA
MNANA UTANJAA [reviewer_comment: could also be MNANA CHANJAA],MNANA CHANJAA
MNANAZI,MNANASI
MNANIA CHANJAA,MNANA CHANJAA
MNANI,MNANA
MNAROBAINI,MWAROBAINI
MNASI,MNAZI
MNAZI [reviewer_comment: could also be AWAZI or something else],MNAZI
MNAZI WA KIZUNGU,MNAZI
MNVANYA [reviewer_comment: could also be MNYANYA],MNYANYA
MNYANYA [reviewer_comment: could also be MINYANYA],MNYANYA
MNYANYA CHUNGU,MNYANYA
MNYUNA,MMUMUNYA
MNYUNYA,MMUMUNYA
MOAMUDAMU,MDAMUDAMU
MPA CHA,MPACHA
MNKANYA,MNYANYA
MPAPAI DUME,MPAPAI
MPAPAI MWITU,MPAPAI
MPAPAI WA KIZUNGU,MPAPAI
MPARACHICHI WA KIZUNGU,MPARACHICHI
MPENDAPENDAPO,MPINDAPINDAPO
MPARICHICHI,MPARACHICHI
MPENDAPENDAPO [reviewer_comment: could also be MPENDA PENDAPO or MPEWDAPENDAPO],MPINDAPINDAPO
MPERA (2x),MPERA
MPERA WA KIZUNGU,MPERA
MPERI,MPERA
MPESAENI [reviewer_comment: could also be MPESHENI],MPESHENI
MPESHENI MWITU,MPESHENI
MPILIPILI (KAWAIDA),MPILIPILI
MPILIPILI [reviewer_comment: could also be MPIUP,MPILIPILI
MPILIPILI HOOHO,MPILIPILI HOHO
MPILIPILI KICHAWA,MPILIPILI KICHAA
MPILIPILI BOGA,MPILIPILI MBOGA
MPILIPILIMANGA,MPILIPILI MANGA
MPUNDAPU,MPINDAPINDAPO
MPUNDAPUNDAPU,MPINDAPINDAPO
MPOPO,MPOPOO
MPOPOO (2x),MPOPOO
MPOO,MPOPOO
MPUNGA WA PWANI,MPUNGA
MRESHENI [reviewer_comment: could also be MPESHENI],MPESHENI
MRUU WA USIKU,MKUU WA USIKU
MSHELI,MSHELISHELI
MSHELI [reviewer_comment: could also be MSHEU],MSHELISHELI
MSHELI WA KIZUNGU,MSHELISHELI
MSHELISHELI [reviewer_comment: could also be MSHEUSHEU],MSHELISHELI
MSHIMBELI,MSHEMBELI
MSHOKISHOKI [reviewer_comment: could also be YSHOKISHOKI],MSHOKISHOKI
MSISI MIZI,MSISIMIZI
MSISIMIZI WA KIZUNGU,MSISIMIZI
MSOO WA KIZUNGU,MSOO
MSTAFELI [reviewer_comment: could also be MSTAFEU],MSTAFELI
MSTAFELI WA KIZUNGU,MSTAFELI
MSTAFELU,MSTAFELI
MTI JUU [reviewer_comment: could also be MMJUU],MTI JUU
MTI ULAYA [reviewer_comment: could also be HM ULAYA or HIT ULAYA or something else],MTI ULAYA
MTIKITI,MTIKTI
MTIKTI [reviewer_comment: could also be MMKM or TMTIKTI],MTIKTI
MTONDO WA KIZUNGU,MTONDOO
MTONDO,MTONDOO
MTUUNGULE,MTUNGULE
MUAIKIUH [reviewer_comment: could also be MCHIKICHI],MCHIKICHI
MUEMBE,MUEMBE
MUHINNA,MUHINA
MUHIWNA MWITU ,MUHINA
MUHOGO (2x),MUHOGO
MUHOGO MPIRA,MUHOGO PIRA
MUHOGO MPIRA [reviewer_comment: could also be MUHOHO MPIRA],MUHOGO PIRA
MUHOGOPIRA,MUHOGO PIRA
MUHOKO,MUHOGO
MUINJE,MVINJE
MUUNYE,MMUMUNYA
MUUNYU,MMUMUNYA
MUUNJASHOKA,MVUNJASHOKA
MVANILA [reviewer_comment: could also be MNANILA],MVANILLA
MVIAZI,KIAZI
MVINJE [reviewer_comment: could also be MUINJE or MNINJE],MVINJE
MVINJE WA KIZUNGU,MVINJE
MVUMA NYUKI,MVUMANYUKI
MVUMANYURI,MVUMANYUKI
MUUMANYUKI,MVUMANYUKI
MVUMU,MVUMO
MVUMU [reviewer_comment: could also be MUUMU],MVUMO
MVUNJA SHOKA,MVUNJASHOKA
MVUNKWYUKI,MVUMANYUKI
MWAHARAGE,MAHARAGUE
MWANI (2x),MWANI
MWANI (3x),MWANI
MWANI [reviewer_comment: could also be HWANI],MWANI
MWANI KWAKUPANDA,MWANI
MWANI MREFU,MWANI
MWANI MTIMBI [reviewer_comment: could also be MWANI MMMBI],MWANI MTIMBI
MWANI WA MAJANI,MWANI
MWARDHI [reviewer_comment: could also be MINARDHI],MWARDHI
MWARDI,MWARDHI
MWASUMINI,MWASMINI
MWEMBE SAKUA LA KIZUNGU,MUEMBE SAKUA
MWEMBE WA KIZUNGU,MUEMBE
MWENGA JINI,MUINGA JINI
MWENGAJINI,MUINGA JINI
MWINGAJINI,MUINGA JINI
MWINDA JINI,MUINGA JINI
MWINDAJINI,MUINGA JINI
MWINGA JINI,MUINGA JINI
MZABIBU [reviewer_comment: could also be MAABIBU],MZABIBU
MZAITUNI WA KIZUNGU,MZAITUNI
MZALI YA NYUMA,MZALIA NYUMA
MZALI YA NYUA,MZALIA NYUMA
MZALI YANYUMA,MZALIA NYUMA
MZALIA NYUMA,MZALIA NYUMA
MZALIANYUMA,MZALIA NYUMA
MZAMBARAO,MZAMBARAU
MZAMBARAU MWITU,MZAMBARAU
MZAMBARAU WA KIZUNGU,MZAMBARAU
MZAMBARTU [reviewer_comment: could also be MZAMBARAU],MZAMBARAU
MZI,NZI
MZI KIBULU,NZI
MZI NGOMBE,NZI
NANASI,MNANASI
NANASI LA KIZUNGU,MNANASI
NANASI MWITU,MNANASI
NAZI,MNAZI
NAZI (2x),MNAZI
NAZI (x),MNAZI
NDAGAA SUMARI,DAGAA MSUMARI
N'GOMBE,NGOMBE
NCHUNGWA,MCHUNGWA
NDIMU (2x),NDIMU
NDISI 3x),NDIZI
NDIZI ZAKISKARI,NDIZI
NDOANA NA PINI,NDOANA
NDUARU,NDUARO
NGAVA,NGAWA
NGAWA MWITU,NGAWA
NGISI (2x),NGISI
NGISI (3x),NGISI
NGISI [reviewer_comment: could also be NGUI],NGISI
NGISI WA KIZUNGU,NGISI
NGIZI,NGISI
NGISI DOME,NGISI GOME
NGISI MBRANZI,NGISI MWANZI
MGOGO,NGOGO
NGOMBA WA KIZUNGU,NGOMBE
NGOMBE (2x),NGOMBE
NGOMBE [reviewer_comment: could also be MGOMBE],NGOMBE
NGUMU [reviewer_comment: could also be GUMU],NGUMU
NGURVE [reviewer_comment: could also be NGURUE or NGURNE],NGURUWE
NGVRU,NGURU
NGUUA,NGUVA
NGVRU,NGUVA
NINGA (2x),NINGA
NJINA [reviewer_comment: could also be NJIWA],NJIWA
NJIWA [reviewer_comment: could also be MJIWA],NJIWA
NJIWA BLU,NJIWA
NJIWA KAWAIDA,NJIWA
NJIWA MWEUPE,NJIWA
NJIWA WA KIZUNGU,NJIWA
NJIWAMWANGA,NJIWA MANGA
NJIWA ZUNGU,NJIWA
NJIWA MWITV,NJIWA MWITU
NKWAJU,MKWAJU
NUARO,NDUARO
NVOKA BAHARI,NYOKA BAHARI
NYAMA MBUZI,NYAMA
NYAMA MWITU,NYAMA
NYAMA YA NGOMBE,NYAMA
NYAMA ZA NGOMBE,NYAMA
NYAMBA NGOMBE,NYAMA
NYANGUM,NYANGUMI
NYANO,NJANO
NYANYA,MNYANYA
NYANYA (2x),MNYANYA
NYANYA NYANYA,MNYANYA
NYIWA MANGA,NJIWA MANGA
NYOGA,NYOKA
NYOKA (2x),NYOKA
NYOKA NGE,NYOKA
NYOKA WA KIZUNGU,NYOKA
NYOKA PWANI,NYOKA WA PWANI
NYUKI WA ASALI,NYUKI
NYUKA,NYOKA
NYUMBA EMBE,UMEME
NYUMBA POVU,NYUMBA
NYUMBA YA WAGANGA,NYUMBA
NZI [reviewer_comment: could also be MZI],NZI
NZI MANGO,NZI
OIUA [reviewer_comment: could also be MUA],MUA
PAGAA MSUMARI,DAGAA MSUMARI
PAGAA,DAGAA
PAANZI (ynasshopper),PAANZI
PAANZI JESHI,PAANZI
PAAZI,PAANZI
PAKA (2x),PAKA
PAKA (x),PAKA
PANGAZUNGO,PANGA ZUNGU
PANGA BAHARI,PANGA
PAMBA,PANGA
PANGE,PANGA
PAPA (2x,PAPA
PAPAI,MPAPAI
PAPAI [reviewer_comment: could also be MPAPAI],MPAPAI
PARACHICH,MPARACHICHI
PARACHICHI,MPARACHICHI
PENSHENI,MPESHENI
PENSEL,PENSELI
PERA,MPERA
PILIPILI,MPILIPILI
PILIPILI MANGA,MPILIPILI MANGA
PINDAMILIA,PUNDAMILIA
PINDAMULIA,PUNDAMILIA
PUNDAMILIA WA KIZUNGU,PUNDAMILIA
PUNDAMLIA,PUNDAMILIA
PINDAPINDAPO,MPINDAPINDAPO
PONBOO,POMBOO
PONDO,POMBOO
PONDOO,POMBOO
PONO WA KIZUNGU,PONO
PONO (KAWAIDA),PONO
PONO BAHARI,PONO
POO,POPO
POPO KAWAIDA,POPO
POPO MKUBWA,POPO
POPO WA KIZUNGU,POPO
POPO WADOGO,POPO
POPO WE KUNYAMOJI [reviewer_comment: could also be POPO WO KURYAMEJI],POPO
PORO,POLO
POPO (2x),POPO
PUGI [reviewer_comment: could also be RUGI],PUGI
PUGI WA KIZUNGU,PUGI
PUGUU,MTUGUU
PUJU (2x),PUJU
PUNDA [reviewer_comment: could also be PUNPA],PUNDA
PUNDA WA KIZUNGU,PUNDA
PUNDA PUNDAPO,MPINDAPINDAPO
PWERA WA KIZUNGU,PWERA
PWEZA (2x),PWEZA
PWEZA (3x),PWEZA
PWEZA WA KIZUNGU,PWEZA
SALIVE,SALILE
SUALILE,SALILE
SUALIVE,SALILE
SUEHEWA,SEHEWA
SEHEUA,SEHEWA
SAMAKI KUBIWA,SAMAKI
SAMAKI ZAKAWAIDA,SAMAKI
SARUDI,SARUJI
SAUM [reviewer_comment: could also be SAUTI],SAUTI
SAUTI (2x),SAUTI
SAUTI WA KIZUNGU,SAUTI
SAUTIFTA WA KIZUNGU,SAUTIFTA
SHELI,MSHELISHELI
SHELI WA KIZUNGU,MSHELISHELI
SHELISHELI,MSHELISHELI
SHELISHELI [reviewer_comment: could also be SHEUSHELI or SHEUSHEU],MSHELISHELI
SIAKU [reviewer_comment: could also be SIAFU],SIAFU
SIMBA (2x),SIMBA
SIMBA WA KIZUNGU,SIMBA
SIMU (2x),SIMU
SIMU [reviewer_comment: could also be SITW or SIFW or SIHU],SIMU
SIMU TORCHI,SIMU
SKIBAKULI [reviewer_comment: could also be KIBAKULI],BAKULI
SONGURA,SUNGURA
STAFELI,MSTAFELI
STAFELI WA KIZUNGU,MSTAFELI
SUNGURA [reviewer_comment: could also be SUWGURA],SUNGURA
SURNALI [reviewer_comment: could also be SURVALI],SURUALI
TAIGA,TAYGA
TAIGER,TAYGA
TANGARANGA [reviewer_comment: could also be MANGARANGA],TANGARANGA
TEMBO (2x),TEMBO
TEMBO (elephant),TEMBO
TEMBO (mhyama) [reviewer_comment: could also be TEMBO (mchyama) or TEMBO (mhyome) or something else],TEMBO
TEMBO KAWAIDA,TEMBO
TEMBO (sauaki) [reviewer_comment: could also be TEMBO (sawaki) or TEMBO (samaki)],TEMBO KIDOA
TEMBO KIOOA,TEMBO KIDOA
TENDE,MTENDE
TIKITI,MTIKITI
TIKTI,MTIKITI
TOMATO,MNYANYA
TONDO (2x),TONDO
TONDO (3x),TONDO
TONDO (4x),TONDO
TONDOO,TONDO
TONDOO (x),TONDO
TOONDO,TONDO
TONGA,MTONGA
TONGOFTA WA KIZUNGU,TONGOFTA
TONGU,TONGO
TORCHI [reviewer_comment: could also be KORCHI],TORCHI
TORCHI [reviewer_comment: could also be TORUtI],TORCHI
TOTO VU,TOTOVU
TUKULILE [reviewer_comment: could also be FUKULILE],FUKULILE
TUMATO,MNYANYA
TUMBILI (2x),TUMBILI
TUMBILI (3x),TUMBILI
TUMBILI (x),TUMBILI
TUMBILI [reviewer_comment: could also be TUMBIU],TUMBILI
TUMBILI MWITU,TUMBILI
TUMBLI,TUMBILI
TUNDOO,TONDO
TUNGUJA,TUNGULE
TUNGUUE,TUNGULE
TUNGUVE,TUNGULE
UA,MAUA
UA LA NYUKI,MAUA
UFUKULILE,FUKULILE
UGANGAWIA,GANGAWIA
IGANGAWIA,GANGAWIA
IMVUMANYUKI,MVUMANYUKI
JANGAWIA,GANGAWIA
JITUNGUU,KITUNGUU
JONGOO WA KIZUNGU,JONGOO
KALAMU NYEUPE,KALAMU
KALAMU NYEUSI,KALAMU
KAMBARE WA KIZUNGU,KAMBARE
KANDE [reviewer_comment: could also be KANPE],KANDE
KIBULU WA KIZUNGU,KIBULUU
KIBUNGU WA KIZUNGU,MBUNGO WA KIZUNGU
KIGONJA MALIKO,KIJUNGU MALIKO
UITUNGUU,KITUNGUU
UKUKULILE [reviewer_comment: could also be UFUKULILE],FUKULILE
UKUKWI WA KIZUNGU,UKUKWI
UKWAJU,MKWAJU
INGA KUKU,UNGA KUKU
UNGA KUKU [reviewer_comment: could also be UWGA KUKU or UWGP KUKU],UNGA KUKU
UNGA KURU,UNGA KUKU
VI BULU,KIBULUU
VIATU VIAKUBWA,VIATU
VIATU VYADOGO,VIATU
VIATV,VIATU
VIAZe,KIAZI
VIAZI (2x),KIAZI
VIAZI BATATA,KIAZI
VIAZI,KIAZI
VIDAGAA,DAGAA
VIJUNGU MAFUTA NYEUPE,KIJUNGU MAFUTA
MZIGRA,MZIRA
ZINA MANGA [reviewer_comment: could also be ZIWA MANGA],ZIWA MANGA
ZEBRA WA KIZUNGU,ZEBRA
ZAMBARAU,MZAMBARAU
ZAITUNI,MZAITUNI
ZAITUNI WA KIZUNGU,MZAITUNI
ZABIBU,MZABIBU
WERE,WIRE
WIRE WA PICHA,WIRE
WIRE WA SIMU,WIRE
WIRE YA DEKI,WIRE
WIRE YA KISAHANI,WIRE
WIRE YA TV,WIRE
WIKUU WA USIKU,MKUU WA USIKU
VYOMBOO [reviewer_comment: could also be YYOMBOO],VYOMBO
VZILE,UZILE
VYANDARUA,CHANDARUA
VYAKULA,CHAKULA
VUMANYUKI,MVUMANYUKI
VKUKWI,UKUKWI
VOKUKWI (2x),UKUKWI
VIWEMBE,MUEMBE
VITABU,KITABU
BATA KAWAIDA,BATA
BATA GANARI,BATA KANARI
BATA MZIMA,BATA MZINGA
BATA SALILE,SALILE
BATA WA KIZUNGU,BATA
BATAMZINGA,BATA MZINGA
BATA MZIRA,BATA MZINGA
BATA MAJI,BATA
BATATA,KIAZI
BATATA (2x),KIAZI
BEJENI [reviewer_comment: could also be BESENI],BESENI
BEKTI,BETTRY
BELUNGI,MBELUNGI
BISOUTI [reviewer_comment: could also be BISAITI or something else],BISCUTI
BULIBULI WA KIZUNGU,BULIBULI
BUNGO,MBUNGO
BUNJU MAJIBA,BUNJU MIBA
CHATU WA KIZUNGU,CHATU
CHECHELE WA KIZUNGU,CHECHELE
BUYU,MBUYU
BUYU BUYU,MBUYU
CHANJE KUBWA,CHANJE
CHUI WA KIZUNGU,CHUI
KOBE WA KIZUNGU,KOBE
KOBA,KOMBA
KOLE KOLE KIBIZARI,KOLEKOLE KIDIZARI
KOLE KOLE KIDIZARI,KOLEKOLE KIDIZARI
KOLE,KOLEKOLE
KOLIKOLI,KOLEKOLE
BAHARI YA PAKA,MAHARI YA PAKA
BOMBERESI,BOMBO RESI
BORBO,MUEMBE BORBO
CHAANGU,CHANGU
CHEREWADA,CHEREWANDA
CHESI MWITU,CHESI
CHESI,CHESI
CHIKICHI,MCHIKICHI
KUKU WA KIZUNGU,KUKU
KUNGURU WA KIZUNGU,KUNGURU
KURUMBIJA,KURUMBIZA
KURUNGUJA,KURUMBIZA
KWAJU,MKWAJU
KWEMBE WA KIZUNGU,KWEMBE
MANJA WA KIZUNGU,MANJA
MANJIA,MANJA
MBALE WA KIZUNGU,MBALE
MBALI,MBALE
MBIE WA KIZUNGU,MBIE
MBUYU WA KIZUNGU,MMUMUNYA
MKUNGA WA KIZUNGU,MKUNGA
MSASA WA KIZUNGU,MSASA
CHAA WA KIZUNGU,CHAA
CAMERA [reviewer_comment: could also be GAMERA],CAMERA
CHAI [reviewer_comment: could also be KHAI or RHAI],CHAI
NYOO WA PWANI,MNYOO WA PWANI
UKEE WA PWANI,UKEWE WA PWANI
BONGWE,BOMBO
MSUMARI,DAGAA MSUMARI
KIBULU,KIBULUU
NYUMUI,UVI
MBUUE WA PWANI,MBUUE
KANZA,KANGA
MCHOAOLINI,MCHUOA ULIMI
MCHELE,MPUNGA
MBIZARI,MANJANO
CARROT,KAROTI
MWEMBE BAADI,MUEMBE BAADI
MWEMBE BAKORA,MUEMBE BAKORA
MWEMBE,MUEMBE
MWEMBE BORBO,MUEMBE BORBO
MWEMBE DODU,MUEMBE DODU
MWEMBE NYONYO,MUEMBE NYONYO
MWEMBE PUNDA,MUEMBE PUNDA
MKARAFU,MKARAFUU
MDUMA,NDUMA
MAYOGA,MAYUGWA
SUBI,USUBI
KUNGUU WA UNGUJA,KUNGURU WA UNGUJA
KUNGUU WA PEMBA,KUNGURU WA PEMBA
SHANGUO,SHANUO
KIJUSU,KIJUZUU
MSAFU,MSAAFU
NYAUU,NYAVU
NYU KUNGU,MKUNGU
KIJUSUU,KIJUZUU
MABEGU,MBEGU
BEGU,MBEGU
STARI,MSTARI
MSKITI,MSIKITI
MCHOKICHOKI,MSHOKISHOKI
KUNGO,KUNGU
SANGI,TANGI
UJITI [reviewer_comment: could also be UJIM],NJUKUTI
CAURA,CHURA
KUNGUU,KUNGURU
MCHEZA,MCHENZA
MCHEZA MSITU,MCHENZA MSITU
UANGA,UWANGA
MKUU [reviewer_comment: could also be MFUU],MFUU
MDURA PUMBO,MPURAPUMBU
MHARI ZETI,MUHALIZETI
MAKOSA KUMWA,MAKOSA KUUGWA
MAKOSA KUMBWA,MAKOSA KUUGWA
MAKOSA KUNGWA,MAKOSA KUUGWA
MAKOSA UMBWA,MAKOSA KUUGWA
HIBWENGO,KIBWENGO
MUAANGA,MCHANGA
KUKUZIWA,KUKU ZIWA
KREMU,MKRIMU
KRIM,MKRIMU
HEREGE,PEREGE
VITANGO PEVITA,KITANGO PEPETA
IBWANGU,KIBWENGO
KIBWENGU,KIBWENGO
MZIBWE,MZIPWE
MIASA [reviewer_comment: could also be MSASA or MPASA or something else],MSASA
MBOGA YA NDIBA [reviewer_comment: could also be RIBOGA YA NDIBA],MBOGA YA MRIBA
MBOGA YA URIBA,MBOGA YA MRIBA
VAKULA,CHAKULA
VIBU MBO,BOMBO
MIPURA BUMBO,MPURAPUMBU
PAWA YA MSUAKI,DAWA YA MSUAKI
TASO,TAZO
WAIO,WAYO
MDUNCHI,MDUNJI
MDUNJU,MDUNJI
NYAMBONYAMBO,MNYAMBONYAMBO
MSUMUSCARI,MSUMUSKARI
MSUMU SUMU SCARI,MSUMUSUMU SUKARI
MSUMU SUMU SCALO,MSUMUSUMU SUKARI
NGE,NNGE
CHENGO,CHENGU
MSIPRAS,MSEIPRAS
MSEPRAS,MSEIPRAS
MSIPRASI,MSEIPRAS
MTAKAA,MTAKAWA
MTAKAUA,MTAKAWA
MBUSI,MBUZI
JAHASI,JAHAZI
NDEGE CAIRRUANE,NDEGE
MBOGA YA MUHOTO,MBOGA YA MUHOGO
GUHO,NGUO
MASIFURIA,SUFURIA
MABOXI,BOKSI
MIWANASI,MNANASI
TAANDU,TANDU
KIPAUA UONGO,KIFA UONGO
KIFUA UONGO,KIFA UONGO
KIFAU VONGO,KIFA UONGO
KIFAU WONGO,KIFA UONGO
KIFAUONGO,KIFA UONGO
MBEGILI,MBIGILI
MBIILI,MBIGILI
MZINGAFURI,MZINGIFURI
UIAZI,VIAZI
MIFURU,MFUU
MFU,MFUU
MFUVI,MFUU
TUGUDI,NDUGUDI
TUGUU,MTUGUU
TUGU,MTUGUU
MICHESHE,MCHECHE
MDODOSI,NDODOZI
MINGAJINI,MUINGA JINI
MGAJINI,MUINGA JINI
MVUMA,MVUMO
MKIVUMBASHI,KIVUMBASI
MUUNYA,MMUMUNYA
NYUNYA,MMUMUNYA
MUNYA,MMUMUNYA
MUONYA,MMUMUNYA
MAUBA,MAMBA
WADUDU MBUYU,DUDU MBUYU
WADUDUMBUYU,DUDU MBUYU
KIHOBOTO,KIROBOTO
KIROBODO,KIROBOTO
M DODOSI,NDODOZI
NDODOSI,NDODOZI
DODOSI,NDODOZI
DUGUDI,NDUGUDI
MTURUTU,MTURUTURU
MTUTURU,MTURUTURU
MTUTU,MTUTUTU
MTITIRI [reviewer_comment: could also be MMMRI],UTITIRI
MBUYUBUYU,DUDU MBUYU
NDUDUMBUYU,DUDU MBUYU
KICHAMUI,KICHOMVI
KICHUMVI,KICHOMVI
KICHOMUI,KICHOMVI
KICHAMUI CHAMUI,CHAMVI
KICHAMVI,CHAMVI
MUUNJA SHOKA,MVUNJASHOKA
GAMIA,NGAMIA
MGAMIA,NGAMIA
N GAMIA,NGAMIA
MGARAWA,NGARAWA
JUSTAFIRI,JUSKAFIRI
JUSI JUSI KAFIRI,JUSKAFIRI
JUSKAFIRO,JUSKAFIRI
JYAFELI,MSTAFELI
MVIMBI,MJIMBI
SUALA,SWALA
SUAZA,SWALA
MCHEZA MSITU,MCHENZA MSITU
KIJIWA,NJIWA
M CHAWEWA TUMBILI,MCHAPIA TUMBILI
MGURUE [reviewer_comment: could also be NGURUE],NGURUWE
MGURVE,NGURUWE
GURUE,NGURUWE
HAUGONGWI,HAUNGONGWA
HAONGONGWA,HAUNGONGWA
MWARITA,MUHARITA
MKAWJA,MKANJA
MJAWA,NJANA
MJANA,NJANA
DUNGEO,GONGEO
MBU,MMBU
KINYANGA,KINYENGA
KINYENGA [reviewer_comment: could also be KINYEWGA],KINYENGA
MCHIEKUNDU,MCHEKUNDU
MBEGO ZA MINAZI,MBEGU ZA VIAZI
MABEGI,MBEGU
MBEGA WA KIZUNGU,MBEGU
MBEGO ZA MINAZI,MBEGU ZA VIAZI
MBUUNYA,MMUMUNYA
GEDERE,NGEDERE
NJEREGE,NGEDERE
MBIA,MPIA
MCHUCHA [reviewer_comment: could also be MCHUCHI],MCHUZI
MCHOSI,CHOZI
WATU,MTU
KHANJE,CHANJE
KHAA,KAA
UIBATALI,VIBATALI
UGULELE,MGULELE
OLO,POLO
KIPOLO,POLO
JAHANI [reviewer_comment: could also be JAHAWI or SAHANI],SAHANI
BOXI,BOKSI
UIBOMBO,BOMBO
KAMBRA,KAMBA
HAISI,HAISI
MAGUDI,MAGUBI
RIDIO,REDIO
WANGA,UWANGA
WANGAU,UWANGA
KIJAHAWI [reviewer_comment: could also be KISAHAU or KISAHAM or KIJAATAWI],SAHANI
SLINGENDI,SINGILENDI
SINGUENDI,SINGILENDI
KISUHUDI,KISUGUDI
NYUVEVE [reviewer_comment: could also be NYWEVE],NYWELE
VIACHO,MACHO
MJUII [reviewer_comment: could also be MYUSI or MSUSI],NYUSI
UIJCHAWGA [reviewer_comment: could also be VIJCHAWGA or VICHANGA],VICHANGA
KINDI CHA KUPINDIA SITRELI,KIDUDE CHA KUPIMIA MCHELE
FONDATION,FONDESHENI
KIFOUNDATION [reviewer_comment: could also be KIFOUADATION or KIFOUIDATION],FONDESHENI
KAWGAJA [reviewer_comment: could also be KANGAJA],KANGAJA
KANGADJA,KANGAJA
KANGARANGA,TANGARANGA
KARAKARA [reviewer_comment: could also be KARAKAKA],KARAKAKA
KIN YENGA,KINYENGA
KARAKAKI,KARAKAKA
KARAKARA,KARAKAKA
KARAKA,KARAKAKA
ARIRI,HARIRI
MIUDIUDI,MUUDIUDI
MUDIUDI,MUUDIUDI
UDIUDI,MUUDIUDI
MSTANFLAA,MUHALIZETI
M KOMA MANGA,MKOMAMANGA
MIKUMA MANGA,MKOMAMANGA
MKAMA MANGA,MKOMAMANGA
MKOMA MANGA,MKOMAMANGA
MKOMA MANIGA,MKOMAMANGA
MKUMAMANGA,MKOMAMANGA
JUGU,NJUGU
MJUGU,NJUGU
JEUKA,NYOKA
MOHALI ZETI,MUHALIZETI
MUHALI ZETI,MUHALIZETI
HALI ZETI,MUHALIZETI
MAHALI ZETI,MUHALIZETI
CHARAWANDA,CHEREWANDA
CHERIHANGA,CHEREWANDA
CHORE WANDA,CHEREWANDA
TEREWANDA,CHEREWANDA
TIRIHANGA,CHEREWANDA
VIJENGE,KIVIJENGE
MKINDO,MKINDU
BAKUFULILE,FUKULILE
KIBAKULI,BAKULI
MABAKULI,BAKULI
BAKULI NGUO,BAKULI
BAMBA,KIBAMBA
BAMIA,MBAMIA
MABAMIA,MBAMIA
BANDA,KIBANDA
BANIA,MBAMIA
BARAWA,NGARAWA
BASI,MBASI
CHIMBASHI,KIVUMBASI
MVUMBASHI,KIVUMBASI
KIUUMBASHI,KIVUMBASI
KIVUMBASHI,KIVUMBASI
BAU,BAO
BAWA,POPO BAWA
BEBI,BEGI
BENGU,MBEGU
BIBO,MBIBO
BISARI,BIZARI
BOMBA,BOMBO
BOMBE,BOMBO
BOMBORESI,BOMBWE RESI
BUGU,NJUGU
BUJUMBA,BUNJU MIBA
BUKO,NA
MABUKU,BUKU
MABUKU [reviewer_comment: could also be MABUKLI or something else],BUKU
BONGOSHIMO,BOMBO SHIMO
BUMBUKA,MBUMBUKA
BUNDULA,BUMBULA
MBUNDI,BUNDI
CHA GATI,CHAJATI
CHAGA YA TUMBILI,MCHAPIA TUMBILI
CHAKUONGA,CHAKUGONGA
CHANGARANGA,TANGARANGA
CHANGARAWA,CHANGARAWE
VICHANGARAWE,CHANGARAWE
CHATARA,CHOTARA
CHAULIMI,CHOE
CHAWA,CHEWA
CHEJE,MCHECHE
CHEKECHI,MCHEKECHU
MACHEKECHU,MCHEKECHU
CHEMBO,TEMBO
CHENZA,MCHENZA
CHIMBA KIJINI [reviewer_comment: could also be CHIMBA KYINI or OIMBA KYINI],CHIMBA KWA KIJINI
CHOCHA,MCHOCHA
MACHOCHA,MCHOCHA
MCHOCHO,MCHOCHA
CHOCHA CHANGA,MCHOCHA
CHOI,CHUI
CHOJA,MCHOCHA
MACHUMI,CHOME
CHONGORE,CHONGOE
CHONGOWE,CHONGOE
CHONGO,CHONGOE
CHONGOMA,MCHONGOMA
CHORI,CHORE
CHORO,CHAURO
CHOROKO,MCHOROKO
KICHUGIO,CHUJIO
CHURA MTO,CHURA
CHURA WA PWANI,CHURA
COTI,KOTI
CUNGURA,SUNGURA
DAGAA KIEMBE,DAGAA KIWEMBE
DIMBI,MJIMBI
DORIANI,MDORIANI
DUDU FUNDO,DUDU VUNDO
DUMA,NDUMA
MANDUMA,NDUMA
DUMU LA KUMURA,DUMU
DUNDI,GUNDI
FANI,FENI
FUKULILE MTAMBWE [reviewer_comment: could also be FUKULILE MTAMBUE],FUKULILE MTAMBWE
PULANA,FULANA
PULANI,FULANA
FUNDISHE,FONDESHENI
FUNGUGA,FUMBUKA
FURONYA,FORONYA
FUU,MFUU
MAFUU,MFUU
VIFUU,KIFUU
FWECHE,KWECHE
GAMA,NGAMIA
GAMBA LA KIWEMBE,GAMBA
GAMBA LA PIPI,GAMBA
GARI BENU,GARI
GARI LA NGOMBE,GARI
GIDOO,KIDOO
GLAVU,MAGLAVU
GOGO,NGOGO
PUNGOGO,NGOGO
GOIDI,GOLDI
GOLBI,GOLDI
GUA,UA
GUENI,WENI
GUMVI,DUVI
HABULIBULI,BULIBULI
HOGWI,HOBWI
HOMSA,HUMSA
IGOLA UMEME,JIKO LA UMEME
ILIKI,MUILIKI
MWILIKI,MUILIKI
MULIKI,MUILIKI
IRINI,HERINI
IROA,KIROHO
ISHUBILI,MSHUBILI
JANI,MAJANI
"JANI [reviewer_comment: could also be HAJANI, or maybe it was supposed to be crossed out entirely]",MAJANI
JANI LA MPERA,MAJANI LA MPERA
JHORE [reviewer_comment: could also be UtORE or UHORE],CHORE
JIBIRI MSITU,KIJIMBI MSITU
MAJIWE,JIWE
JONGO MALIKO,KIJUNGU MALIKO
JONGOO TAMB,JONGOO TAMBI
JUKUTI,NJUKUTI
JOSIJUSI [reviewer_comment: could also be JOSIZUSI or JOSIJCUSI or something else],MJUSI
KAANGU,KANGU
KABANOLE,KABANYULE
KAMAME,KAMAMBA
KAMANDA,KAMAMBA
KANGAWIA,GANGAWIA
KARAMBA,KAMBA
KASI,TASI
KASIA,KASA
KASIA [reviewer_comment: could also be KASA],KASA
KASOKO,KASUKU
KASUGU,KASUKU
KASUPU,KASUKU
KAUPE [reviewer_comment: could also be KAURE],KAURE
KELENDA NGUMI,IENENDA NGUO
KESHOGUDI,KISUGUDI
KHECHE,CHECHE
KHOZI,CHOZI
KHUI,CHUI
KI HANJIKU [reviewer_comment: could also be KI HANJIFU],KIHANJIFU
KIATU,VIATU
KIAZI KIKOVU,KIAZI KIKUU
UIBAO,BAO
KIBAU,BAO
KIBEMBE,KIWEMBE
KIBIZARI,KOLEKOLE KIDIZARI
KIBOKO MWITU,KIBOKO
KIBONGO,BOMBO
KIBOROTO,KIROBOTO
KICHOZI,CHOZI
KIICHUNA [reviewer_comment: could also be KIKHUNA],KICHUNA
KICHUNA [reviewer_comment: could also be KUHUNA],KICHUNA
KIDEO,KIDEVU
KIEMBE,KIWEMBE
KIFU,KIFUU
KIJESU,KIJUZUU
KIJIWU,KIJINU
VIJINU,KIJINU
KIKOMBE CHA KAURA,KIKOMBE
KILUILVI,KILUILUI
KINYAFUA,KINYONYOFUO
KINYANA FUO [reviewer_comment: could also be KINYIANA FUO],KINYONYOFUO
MWENYO FUO,KINYONYOFUO
KINYONYO FUO,KINYONYOFUO
KINYOFUO,KINYONYOFUO
KIPEREO,KIPEPEO
VIPEPEO,KIPEPEO
KIPOBWE,BOMBO
KIPU,VIPO
KIREMBE,KIWEMBE
KIERUKIA,KIRUKIA
MRUKIA,KIRUKIA
KIPANDA CHANAZI [reviewer_comment: could also be KIPANDA CHANASI or KIPANDA CHANA],KIPANDE CHA MNAZI
KIPATI CHA DAWA,KIBATI CHA DAWA
KISAGIA,KISAGIO
MSIKI,KISIKI
SIKI,KISIKI
UISIKI,KISIKI
VISIKI,KISIKI
KISIMA CHA KOGONGA,KISIMA
VISIMA,KISIMA
VISIMA CHA KATA,KISIMA
VISIMA CHA MDOU,KISIMA
KITONGA,MTONGA
KIUMA,KIUNO
KIUNGU LHA NGUU,KIUNGO CHA NGUU
KIVUMANYUKI,MVUMANYUKI
KOGOCHI,KOKOCHI
KOJA,KOYA
KOBE LA MINAZI,KOBEA MINAZI
KOJO,KOYOKOYO
KOJOKOJO,KOYOKOYO
KOKOTA FENESI,KOKWA ZA FENESI
KONDAGI,KUNDAJI
KONGO LEVPE,KONGO WEUPE
KOROGOJO,KORONGONJO
KOROGONJO,KORONGONJO
KORONGO,KONGO
KOROGOTO,KIROBOTO
KOROMBIZA,KURUMBIZA
KORUMBIZA,KURUMBIZA
KOROMONJO,KORONGONJO
KORONGOJO,KORONGONJO
KORONGONJWA,KORONGONJO
KORONJO,KORONGONJO
KOROSHO,MKOROSHO
MAKOTI,KOTI
KUFU,FUFU
KUGURU,KUNGURU
KULILE,FUKULILE
KUNDAJE,KUNDAJI
KUNGAJI,KUNDAJI
KUNGU,MKUNGU
KUNGUGU,MKUNGU
KUNGUMA,MKUNGUMA
KUNGUU WA BARA,KUNGURU WA BARA
KURUBWE,KOROGWE
KUTI,MAKUTI
KUWDAJI,KUNDAJI
KUYU,MKUYU
KWAYA,MKWAYA
MKWAYA KWAYA,MKWAYA
LEGESA,LEGEZA
LOZI,MLOZI
M KALI WA CHINI,MKALIA CHINI
M MTAKAWA JUU,MTAKAWA
MA TIKTI,MTIKTI
MABAKULI,BAKULI
MABAO,BAO
MABAO YA NYUKI,BAO
MABEGI,BEGI
MABOMBO,BOMBO
MABONGWE,BOMBO
MABUNJU,BUNJU
MABUTI,BOTI
MACHANI,MAJANI
MACHANJE,CHANJE
MACHUMI,CHOME
MACHEME,CHOME
MADAANZI,MCHUNGWA
DAFU,MNAZI
MADAFU,MNAZI
MADAGAA,DAGAA
MADEKSI,DEKSI
MADEXI,DEKSI
MADISHI,DISHI
MADOKAA,DOKAA
MAFIA,MAFYA
MAFMBE [reviewer_comment: could also be MAFIMBE],MUEMBE
MAFUNI,FENI
MAFUNZA,FUNZA
MAGEGE,GEGE
MAHARITA,MHARITA
MAJANI CHA NGOMBE,MAJANI
MAJANI MAKUBWA,MAJANI
MAJANI WA KIZUNGU,MAJANI
MAJANI YO MITI SAAM,MAJANI
MAJAWI YA KAWAIDA,MAJANI
MAJI YA KISIMANI,MAJI
MAJIMBI,MJIMBI
MAJINI,JINI
MAKIMBAWE,MATUMBAWE
MAKOJA KUUMBWA,MAKOSA KUUGWA
MAKOTI,MAKOCHI
MAMBA [reviewer_comment: could also be MAMBE],MAMBA
MAMVA,MAMBA
MAPASIA,MPAZIA
MAPAZIA,MPAZIA
MPASHIA,MPAZIA
MAPEAS,MPEASI
MPEAS,MPEASI
PEASI,MPEASI
MARANI,MNARANI
MASABUNI,SABUNI
MATUGAA,KITAMBAA
VITAMBAA,KITAMBAA
TAMBAA,KITAMBAA
MAUA MAZURI,MAUA
MAZAITUNI,MZAITUNI
"MBAHAR [reviewer_comment: could also be NBAHAR, just BAHAR, or something else]",BAHARI
MBIBU,MBIBO
MBIJE,MBIE
MBOFU WA MWATU,MPOFUA MACHO
MPOFUA MACHI,MPOFUA MACHO
MBOGIA,MBOGA
MBUA,MBWA
MBUSTANI,BUSTANI
MCHADLIMI,MCHUOA ULIMI
MCHAMVI CHAMVI,CHAMVI
MCHANGA [reviewer_comment: could also be MCHAWGA],MCHANGA
MCHANGA WA MUVITUNI,MCHANGA
MCHAPI YATUMBILI,MCHAPIA TUMBILI
MCHAPI YA TUMBILI,MCHAPIA TUMBILI
MCHATI WA MSITU,MCHENZA MSITU
MCHATI WA TUMBILI,MCHAPIA TUMBILI
MCHATI YA TUMBILI,MCHAPIA TUMBILI
MCHATU WA TUMBILI,MCHAPIA TUMBILI
MCHOAULIMO,MCHUOA ULIMI
MCHOO WA ULIMI,MCHUOA ULIMI
MJOAULIMI,MCHUOA ULIMI
VICHOZI,CHOZI
MCHOSI,CHOZI
MCHOZI,CHOZI
MDAANZI,MBAAZI
MDALAKANGA,MTANDAKANGA
MDIMU [reviewer_comment: could also be MPIMU],MDIMU
MDIUDI,MUUDIUDI
UDIUDI,MUUDIUDI
MUIDIUDI,MUUDIUDI
MDIVIDI,MUUDIUDI
MDUDUDU,MTUTUTU
MDUGI,PUGI
MDUNCHI,MDUNJI
MEPU,MUEPUL
MFAUONGO,KIFA UONGO
MFENFYI,MFENESI
MFUNI KIA WASINI,MFUNIKIO WA SIMU
MFUNZA,FUNZA
MFUPAKUKU,MFUPA WA KUKU
MGANJA,MKANJA
MGIGICHI,MCHIKICHI
MGIMBA,MGOMBA
MGOBA,MGOMBA
MGUFU,MKUFU
MGULABI,MKULABI
MKULABIE,MKULABI
MKULABIO,MKULABI
MKULAPI,MKULABI
MGUMU,NGUMU
MGUNGO,MBUNGO
MGUNGU,MBUNGO
MGUVUKIUNONI,MGUVU KIUNONI
MHARI,MUHALIZETI
MHINDI,MUHINDI
MIALE,MWALE
MIWALE,MWALE
MIBALE,MBALE
MIBIE,MBIE
MIBIE YA NSEME,MBIE
MIBII,MBIE
MIBONO,MBONO
MIBUNI,MBUNI
MIBURANI,MBURA
MICHEZA,MCHENZA
MICHOLI,MCHUOA ULIMI
MIDIUDI,MUUDIUDI
MIFAGIA,FAGIO
MIFUKO,MFUKO
MIGIFURI,MZINGIFURI
ZINGIFURU,MZINGIFURI
ZINGIFURI,MZINGIFURI
ZINGIFUI,MZINGIFURI
MIKEKEWA,MKEKEWA
MIKOKO,MKOKO
MIKUNAZI,MKUNAZI
MIKUNGA,MKUNGA
MIKUNGU,MKUNGU
MIKUTI,MAKUTI
MIKWAJU,MKWAJU
MILANGILANGI,MLANGILANGI
MEA,MMEA
MIMEA MITUNI,MMEA
MIMEA YA SHAMBA,MMEA
MIMUNYA,MMUMUNYA
MINANA,MNANA
MIPIRA,MPIRA
MISANAKA,MSANAKA
MISASA,MSASA
MISEPUNDAZI,MSIKUNDAZI
MITANGO,MTANGO
MITENDE,MTENDE
MITI,MTI
MITI JUU,MTI JUU
MTI JUU [reviewer_comment: could also be MMJUU],MTI JUU
MITI YA KUTENGENEJU,MTI
MITI YA POPO,MTI
MITO,MTO
MITUNGO,MTONGA
MITUNGUJA,MTUNGUJA
MITURUNTU,MTURUTURU
MITUTUTU,MTUTUTU
MIUMBU,MMBU
MIUUMANYUKI,MVUMANYUKI
VIAZI VIKUU,KIAZI KIKUU
MIVULE,MVULE
MIVUMBASHIA,KIVUMBASI
MIWANI,MWANI
MIYUNGIYUNGI,MYUNGIYUNGI
MJANA MDOM,NJANA NDOMO
MJANGOMA,MCHONGOMA
MJEKUNDU,MCHEKUNDU
MCHEKUNDU,MCHEKUNDU
MJOO,MSOO
MKABBEGE [reviewer_comment: could also be MKEBBEGE],KABICHI
MKAFAWA,MTAKAWA
MKAIDI,MKADI
MKAMATI A MKANYE [reviewer_comment: could also be MKAMAM A MKANYE],NKAMATIA NKANYE
MKAPI,MKADI
MKILWA,MKILUA
MKINDO,MKINDU
MKIRIMU,MKRIMU
MKUKWA,MKOKWA
MKONDOO,KONDOO
MKUBU,KUBU
MKUKO,MFUKO
MKULE,MKUNDE
MKUMBA MAREMBO,MKUNGA MAREMBO
MKUMBA MWEUPE,MKUNGA MWEUPE
MKUNDU,MKUNGU
MKUNGULA,MKUNGUMA
MKUNJASHOKA,MVUNJASHOKA
MKUU,MFUU
MKW WA USIKU [reviewer_comment: could also be MKUU WA USIKU],MKUU WA USIKU
MNAVIA,MNANA
MOMBO,MWAMBO
MWAMBU,MWAMBO
MPAANZI,MBAAZI
MPILIWA,MPELEWA
MPENGELE,MPENGELE
MPILIPILI SIGARRA [reviewer_comment: could also be MPILIPILI SIGARAA],MPILIPILI SIGARA
MPIMU,MDIMU
MRABA,MRAMBA
MRABABARA,MRAMBA BARA
MRAMBA WA BARA,MRAMBA BARA
MRIDIA,MRIDHIA
MRIMBA,MRIBA
MRIMBA MUHOGO,MRIBA
MSAJA,MSAJI
MSAKICHA MAJI,MSAFISHA MAJI
MSAMAKA,MSANAKA
MSAKUN,MUEMBE SAKUA
MSANAKA [reviewer_comment: could also be MSAWAKA],MSANAKA
MSANAKAA,MSANAKA
MSAYI,MSAJI
MSHEKWA,MCHEKWA
MSTAFELI CHEKWA,MCHEKWA
MSHELISHELI KOKWA,MSHELISHELI
MSHENEA MSITU,MCHENZA MSITU
MSHESHE (Sanoki),MSHESHE
MSHEUSHEU [reviewer_comment: could also be MSHELISHELI],MSHELISHELI
MSIRUNDAZI,MSIKUNDAZI
MSOFI,MSUFI
MSUNO BARI,MSONOBARI
MSOTI,MSUTI
MSUKIA,MSUKI
MSUNO BARI,MSONOBARI
MTAMUONDO,MTOMONDO
MTANGA,MTANGO
MTANGO [reviewer_comment: could also be HTANGO],MTANGO
MTANGOO,MTANGO
MTANGU,MTANGO
MTEKEWA,MKEKEWA
MTENGENE,MTENGELE
MTITI,MTIKTI
MTITKH,MTIKTI
MTOMODO,MTOMONDO
MTONDORO,MTONDOO
MTUMONDO,MTOMONDO
MTUNDA,MATUNDA
MTUKTU,MTIKTI
MTUKUTU,MTIKTI
MUGUNYA,MMUMUNYA
MUJUGU,NJUGU
MUNGO MPIRA,MUHOGO PIRA
MUNGU MIBA,NUNGU MIBA
MUNGUNYE,MMUMUNYA
MUUNJA,MMUMUNYA
NYUGUNYA,MMUMUNYA
NYUNYA,MMUMUNYA
MUNHA,MMUMUNYA
MUSUNGWA KITAMU,MCHUNGWA KITAMU
MUTUNGWA [reviewer_comment: could also be MCHUNGWA],MCHUNGWA
MUUJE,MVUJE
MUULE,MVULE
MVIAI,YAI
MVIRINGI,MUEMBE
MVUMBUKA,VUMBUKA
NGOMBE (MAVUMBUKA),NGOMBE
UVUMBUKA,VUMBUKA
VUMVUKA,VUMBUKA
MVVLE,MVULE
MWA,MUA
MWABUYU,MBUYU
MWAMVI,MWAVI
MWANGA,UWANGA
MWANSHO,MUWASHO
MWANUI,MWAVI
MWANZI,MUANZI
MWAVA,MAVA
MWAVSHO,MUWASHO
MWEMBE KECHE,MUEMBE KECHE
MWEMBE MOSHI,MUEMBE MOSHI
MWEMBE KISUKARI,MUEMBE KISUKARI
MWEMBE KOMO,MUEMBE KOMO
MWEMBE MWARE,MUEMBE BWARE
MWEMBE NJURE,MUEMBE NJURE
MWEMBE PAPAI,MUEMBE PAPAI
MWEMBE SAKUA,MUEMBE SAKUA
MWEMBE SIAGI,MUEMBE SIAGI
MWICHIRO,NGWICHIRO
MWITUGOO,MTUGUU
MWONYA,MMUMUNYA
MYENJE [reviewer_comment: could also be MJENJE],NYENJE
MZAGANYO,MZALIA NYUMA
MZAGANYUMA,MZALIA NYUMA
MZIGRA,MZIRA
MZUU YA PAKWE,MZUIA PAKWE
N NGONGONI,MGONGONI
NCHWA,MCHWA
NDEGE MSITU PWANI,NDEGE
NDEGE WAKAWAIDA,NDEGE
NDEIZI ZATUMBILI,NDIZI
NDIMU (2x),NDIMU
NDIROHO,NDODOZI
NDOGUDI,NDUGUDI
NDOROGO,NDOROBO
NDUARUMBUYU,NDUARO MBUYU
NDUNJI,MDUNJI
NGAANU,NGANO
NGAMNYA,NGAMIA
NGANDA,MKANDAA
NGOMBE WA BAHARI,NGOMBE BAHARI
NIDOLE,VIDOLE
VIDOLE [reviewer_comment: could also be VIDOVE],VIDOLE
NIGARAWA,NGARAWA
NOOTA,MAJANI
NTAMA,MTAMA
NTI,MTI
NVANYA,MNYANYA
NVATI [reviewer_comment: could also be MVATI],NYATI
NYAWI,NYANI
NYOLE,NYWELE
NYUOLE,NYWELE
NYOMBA,NYUMBA
NYOMBEYOMBE,YOMBEYOMBE
NYOMBU,NYUMBU
NYUA,MUA
NYUMVI,UVI
NYUNDU,NYUNDO
NYUNGUNYUNGWI [reviewer_comment: could also be NYUNGUNVUNGWI or NYUNGUNYUNGUU],NYUNGWINYUNGWI
NYUNVINYUNVI,NYUNGWINYUNGWI
NYUVINYUNDU,UVI NYUNDO
OKUKWI,UKUKWI
PAANGA,PANGA
PAANGE,PANGA
PARA PEJESHI,PARAPE
PARABE,PARAPE
PARAPE KAWAIDA,PARAPE
PASUKU,KASUKU
PAVIA,MPAZIA
PEA,MPEA
PEGE LA KUBURUTA,BEGI
PEGE LA VIRINGI,BEGI
PEMBENI,MUEMBE PEMBENI
PESA MBOGA,PESA
PUGI GIGOMBE,PUGI KIKOMBE
PUJU PEMBE,PUJU UPEMBE
PUNGU,BUNGU
PWEZA MWANDZA,PWEZA MWANDAA
RABOFA,SABUFA
RAMBA,MRAMBA
RAMBA MKURAMBE,RAMBA NIKURAMBE
RESA,REZA
RIDIA,REDIO
ROMBE,KOMBE
KISAFISHA MAJI,MSAFISHA MAJI
SAFISHA MASI,MSAFISHA MAJI
SAGIO,FAGIO
SAKUA,MUEMBE SAKUA
SAMAKI KIFUU,KIFUU
SAMAKI WA KIFUU,KIFUU
SAMAKI NGAWA,NGAWA
SAMAKI NOOGO,SAMAKI
SANAKA,MSANAKA
SANIFULAWA,MUHALIZETI
SATARI,MSATARI
SAUTI MWITU,SAUTI
SHAKI,SHAKE
SHEMBELI,MSHEMBELI
SHIMA LA JONEOO,SHIMO LA JONGOO
SHINGU,SHINGO
SHWALA,SWALA
SINGUENDI,SINGILENDI
SISI,SISIMIZI
SISIMIZI JICHUA,SISIMIZI JICHWA
SKULILE,FUKULILE
SODI,SAUTI
SPAPA,PAPA
SUILE,SWILE
SUMACO,SUMAKU
TAJI,TACHI
TAKAJA MAJI [reviewer_comment: could also be KAKAJA MAJI],TATAGA MAJI
TAMAMBA,KAMAMBA
TANDAKANDA,MTANDAKANGA
TANU,TANDU
TASA,TASI
TOMOKO,MTOMOKO
TITIRI,UTITIRI
TOTOO,TOTOVU
TUNDA DAMU,MATUNDA DAMU
TUNDA MWITU,MATUNDA
TUNDA ZA MBV,MATUNDA
TUNDA ZA MFU,MFUU
TUNDA ZA MSISIMIZI,MSISIMIZI
TUNDA ZA MVINJE,MVINJE
TWITWI,KITWITWI
UAYO,WAYO
UFULILE,FUKULILE
UFUNGVO,UFUNGUO
UIJIMBI,KIJIMBI
UITI,KITI
VITI,KITI
UJIBUA,KIBUA
VIBUA,KIBUA
UMSA,HUMSA
UNGEO,GONGEO
UTUNGWA,MCHUNGWA
UTUPA,MTUPA
UTURUTURU,MTURUTURU
UUNJAJUNGU [reviewer_comment: could also be UUNJA JUNGU or UUWJAJUWGU],VUNJA JUNGU
UWA MACHO,UNA MACHO
V? MCHELI,KIDUDE CHA KUPIMIA MCHELE
VAVI,GARI
VIAZI VITAMU,KIAZI KITAMU
VIBOMBWE,BOMBO
VIBU MBO,BOMBO
VICHAKUFA,MCHAKUFA
VICHOMVI,KICHOMVI
VIEMBE,KIWEMBE
VIFAU VONGO,KIFA UONGO
VIFO,KIFUU
VIFU,KIFUU
VIFUNIKIO,KIFUNIKIO
VIHODI,KIHODI
VIJIKO,KIJIKO
VIJIMBI,KIJIMBI
VIJITI,JITI
VIKOMBE,KIKOMBE
VIMANJA,MANJA
VINYANYOFUU [reviewer_comment: could also be VINYANYOFUO or VINVANYOFUU],KINYONYOFUO
VINYONGA,KINYONGA
VIPETE,PETE
VIROBOTO,KIROBOTO
VITANDA,KITANDA
VITANGO PEPETA,KITANGO PEPETA
VITANGO,KITANGO
VYAKUBONYESEA,VYAKUBONYEZEA
VYOGA,UYOGA
WARDI,MUWARDI
WGO YA MTOTOMDOGO,NGUO
ZENENGO,MZENENGO
ZIBO,ZIPU
NINGADONDA,ZINGADONDA
ZINGARODA,ZINGADONDA
WADUDU BAHARI,MDUDU BAHARI
CHENGEREWA,CHANGARAWE
DAGAA KIBAMBA,KIBAMBA
NYUVI,UVI
MIGONJA MALIPO,KIJUNGU MALIKO
MSHASA,MSASA
NYUVI,UVI
NYUVI,UVI
BAGI,BEGI
BUNGU,MBUNGO
CHUPA LA CHAI,CHUPA
CHUPA LA JUISO,CHUPA
CHUPA LA PLASTIKI,CHUPA
DAWA YA MSUAKI,DAWA
KIANGA,KANGA
KIFUNZA,FUNZA
KIBOMBO,BOMBO
BOMBWE,BOMBO
KIBOMBWE,BOMBO
KICHAMVI,CHAMVI
KICHAMVICHAMVI,CHAMVI
MAWE,JIWE
MBAO,BAO
UBAO,BAO
BEGU,MBEGU
MBIBO,MKOROSHO
MCHAPIA,MCHAPIA TUMBILI
MKEKUNDU,MCHEKUNDU
MIANZI,MUANZI
KRIMU,MKRIMU
MSAKUA,MUEMBE SAKUA
MSUMUSKARI,MSUMUSU
MSUMUSUMU SUKARI,MSUMUSU
KISANGE,SANGE
MABULIBULI,BULIBULI
MAJANI LA MPERA,MAJANI
MBEGU YA MUHOGO,MBEGU
MBEGU ZA VIAZI,MBEGU
BEGU,MBEGU
MBOGA VIAZI,MBOGA
MBOGA YA MRIBA,MBOGA
MBOGA YA MUHOGO,MBOGA
MBOGA ZIWA,MBOGA
MCHECHELE,MCHECHE
MGONGONI,MGOGONI
MICHUNGWA,MCHUNGWA
MIGONJA MALIPO,KIJUNGU MALIKO
MPILIPILI [reviewer_comment: could also be MPIUPIU],MPILIPILI
MTANDA KANGA,MTANDAKANGA
MTANDIO HARUSI,MTANDIO
MTI WA KUNI,MTI
MTI WA MAJANI,MTI
MTI WA TUMBILI,MTI
MTI YA KUJENGEA,MTI
MTI YA NYUMBA,MTI
MTUNGUU,KITUNGUU
MUHIWNA MWITU [reviewer_comment: could also be MUHINNA MWITU or MUHEWNA MWITU or something else],MUHINA MWITU
NDIMU,MDIMU
NGURUE,NGURUWE
NGUVA [reviewer_comment: could also be NGUUA],NGUVA
NYUNDU (hammer),NYUNDO
PANZI,PAANZI
SABOFA,SABUFA
TANGAWIZI,MTANGAWIZI
YOM BEOMBE,YOMBEYOMBE
VIAZI (2X),KIAZI
VIAZI,KIAZI
MUZILE,UZILE
KIBAO,BAO
KIJIKO MAFUTA,KIJUNGU MAFUTA
KUOSHA UYIOMBO [reviewer_comment: could also be KUOSHA UYOMBO or KUOSHA UYDMBO],VYOMBO
BEGU ZA MUHOGO,BEGU
BEGU ZA VIAZI,BEGU
BOGA LA MUHOGO,MUHOGO
BOMBWE RESI,BOMBO RESI
CHA USIKU,MKUU WA USIKU
CHEZI,CHESI
KIBOHORA,BOHORA
KICHAMVI CHAMVI,CHAMVI
KITANGO PIPETA,KITANGO PEPETA
KITITWI,KITWITWI
KOMBE LA PWANI,KOMBE
MAUA LA MBIRIMBI,MAUA
MAUA YA MUARDI,MAUA
MINANASI,MNANASI
MKUNGA WA PWANI,MKUNGA
MSUMUSUMU,MSUMUSU
MTIKITI,MTIKTI
MWATA LA PWANI,MWATA
VISIKI WA MUHOGO,MUHOGO
MCHEKUFA,MCHAKUFA
MKANDA,MKANDAA
MKILUA,MLUA
MUHARITA,MHARITA
MWARDHI,MUWARDI
MBILIGILANI,MBILINGANI
PASHENI,MPESHENI
KIJUNGU,KIJUNGU MAFUTA
PEPE WA RU KA,PEPE
NDI,NZI
NGURUME,NGURUWE
MUEPUL,APPLE
MZINGADUNDA,ZINGADONDA
MAZINGADUNDA,ZINGADONDA
CHENGU,CHANGU
CHEZA,CHAZA
CHOCHI,MCHOCHA
MATA,MWATA
MBUERA,MBURA
MBUNGO WA KIZUNGO,MBUNGO WA KIZUNGU
MKALIA CHINI,MZALIA CHINI
MKUKURU,MFURU FUKU
KORONYONGO,KORONGONJO
PAREPA,PARAPE
PINGAPINGU,FUNGAPINGU
POMSA,HUMSA
MPENGELE,MTENGELE
MSUKI,MSUTI
ZIWA MANGA,NJIWA MANGA
MUIDIUIDI,MUUDIUDI
CHOME,KOME
CHAUZI,TAUSI
CHIF NYATI,NYATI
KUGU,KUGUGU
SIAGI,MUEMBE SIAGI
MSIAGI,MUEMBE SIAGI
NYANGOMBE,NYANGUMI
PANI,PANJE
SAUTIFTA,SAUTI
TONGOFTA,TONGO
UONI WA PWANI,UONO
VIPEDUU,PEDUI
WIBUA MACHU,KIBUA
MPESE,MPESI
MASHETA,SHEITANI
